﻿{"cameraMode":{"drawMode":0,"name":"Shaded","section":"Shading Mode"},"sceneLighting":true,"audioPlay":false,"sceneViewState":{"showFog":true,"showMaterialUpdate":true,"showSkybox":true,"showFlares":true,"showImageEffects":true,"showParticleSystems":true},"in2DMode":false,"pivot":{"x":0.8709902763366699,"y":-1.588247299194336,"z":1.2908893823623658},"rotation":{"x":-0.4344223737716675,"y":-0.5591901540756226,"z":0.43967142701148989,"w":-0.5525148510932922},"size":25.250144958496095,"orthographic":false}